{
	"network-config": {
		"orderer": [{
			"url": "grpcs://127.0.0.1:7050",
			"server-hostname": "orderer0.example.com",
			"tls_cacerts": "/artifacts/crypto-config/ordererOrganizations/example.com/orderers/orderer.example.com/tls/ca.crt"
		}
			],
		"org1": {
			"name": "peerOrg1",
			"mspid": "Org1MSP",
			"ca": "https://127.0.0.1:7054",
			"peer1": {
				"requests": "grpcs://127.0.0.1:7051",
				"events": "grpcs://127.0.0.1:7053",
				"server-hostname": "peer0.org1.example.com",
				"tls_cacerts": "/artifacts/crypto-config/peerOrganizations/org1.example.com/peers/peer0.org1.example.com/tls/ca.crt"
			},
			"peer2": {
				"requests": "grpcs://127.0.0.1:7056",
				"events": "grpcs://127.0.0.1:7058",
				"server-hostname": "peer1.org1.example.com",
				"tls_cacerts": "/artifacts/crypto-config/peerOrganizations/org1.example.com/peers/peer1.org1.example.com/tls/ca.crt"
			},
			"admin": {
				"key": "/artifacts/crypto-config/peerOrganizations/org1.example.com/users/Admin@org1.example.com/msp/keystore",
				"cert": "/artifacts/crypto-config/peerOrganizations/org1.example.com/users/Admin@org1.example.com/msp/signcerts"
			}
		},
		"org2": {
			"name": "peerOrg2",
			"mspid": "Org2MSP",
			"ca": "https://127.0.0.1:8054",
			"peer1": {
				"requests": "grpcs://127.0.0.1:8051",
				"events": "grpcs://127.0.0.1:8053",
				"server-hostname": "peer0.org2.example.com",
				"tls_cacerts": "/artifacts/crypto-config/peerOrganizations/org2.example.com/peers/peer0.org2.example.com/tls/ca.crt"
			},
			"peer2": {
				"requests": "grpcs://127.0.0.1:8056",
				"events": "grpcs://127.0.0.1:8058",
				"server-hostname": "peer1.org2.example.com",
				"tls_cacerts": "/artifacts/crypto-config/peerOrganizations/org2.example.com/peers/peer1.org2.example.com/tls/ca.crt"
			},
			"admin": {
				"key": "/artifacts/crypto-config/peerOrganizations/org2.example.com/users/Admin@org2.example.com/msp/keystore",
				"cert": "/artifacts/crypto-config/peerOrganizations/org2.example.com/users/Admin@org2.example.com/msp/signcerts"
			}
		}
	}
}
